ticker,company,bottleneck,bucket,score_2026-10-03,close_2026-10-02,mkt_cap_bn,fwd_pe,next_earnings
AGX,Argan,Power plants,core,24,383.83,5.39,27.7,
STRL,Sterling Infrastructure,DC site construction,core,23,533.42,16.32,23.8,2026-11-02
MOD,Modine,Liquid cooling,core,23,178.20,9.46,22.0,investor day Nov
POWL,Powell Industries,Grid switchgear,core,23,196.10,7.14,30.4,2026-11-17
MYRG,MYR Group,Grid labor,core,23,304.77,4.75,23.5,
FN,Fabrinet,Optics,core,23,463.69,16.62,25.5,
AMKR,Amkor,Chip packaging,core,22,56.02,13.92,20.6,
MP,MP Materials,Rare-earth magnets,catalyst,22,46.97,8.37,114,
HBM,Hudbay Minerals,Copper,core,22,27.20,12.08,15.1,
IESC,IES Holdings,DC electrical labor,core,22,339.34,13.52,,2026-11-20
CAMT,Camtek,Packaging inspection,catalyst,21,165.19,7.71,36.8,2026-11-09
ONTO,Onto Innovation,Packaging metrology,watch,20,327.77,16.09,31.8,2026-11-05
LEU,Centrus Energy,Enrichment,speculative,20,139.27,2.85,,
FORM,FormFactor,HBM test,watch,19,149.15,11.65,43.2,2026-10-28
AAOI,Applied Optoelectronics,Optics,speculative,18,115.59,9.81,50.2,2026-11-05
AXTI,AXT,InP substrates,speculative,18,85.87,5.51,,2026-10-29
UUUU,Energy Fuels,Rare earths + uranium,speculative,18,10.73,2.68,,
CLF,Cleveland-Cliffs,Transformer steel,watch,17,11.32,6.46,10.0,2026-10-19
NVTS,Navitas,800V DC power,speculative,15,12.40,3.24,,
